,author,title,isbn,award,rating_dist,ratings_count,text_reviews_count,average_rating,original_publication_year,type,nr_shelves,winner
0,Douglas Stuart,Shuggie Bain,9780802148049,Booker,5:97924|4:71986|3:22643|2:5070|1:1927|total:199550,199550,22359,4.3,2020,literary fiction,286360,nominee
1,Kiley Reid,Such a Fun Age,43923951,Booker,5:118855|4:257577|3:165762|2:33903|1:6593|total:582690,582690,46868,3.77,2019,literary fiction,563012,nominee
2,Colum McCann,Apeirogon,50732671,Booker,5:13598|4:8946|3:3513|2:1025|1:409|total:27491,27491,4252,4.25,2019,literary fiction,60421,nominee
3,Diane Cook,The New Wilderness,43520616,Booker,5:3491|4:6455|3:4945|2:1545|1:330|total:16766,16766,2172,3.67,2020,literary fiction,53177,nominee
4,Hilary Mantel,"The Mirror & the Light (Thomas Cromwell, #3)",9780805096606,Booker,5:27027|4:14823|3:4706|2:961|1:322|total:47839,47839,6191,4.41,2020,literary fiction,102311,nominee
5,Avni Doshi,Burnt Sugar,52969580,Booker,5:2850|4:7842|3:10209|2:4461|1:1260|total:26622,26622,3449,3.25,2019,literary fiction,49576,nominee
6,C Pam Zhang,How Much of These Hills Is Gold,45895362,Booker,5:6394|4:10839|3:7216|2:1841|1:493|total:26783,26783,3682,3.78,2020,literary fiction,70368,nominee
7,Anne Tyler,Redhead by the Side of the Road,46014983,Booker,5:8607|4:20305|3:17600|2:4166|1:926|total:51604,51604,6242,3.61,2020,literary fiction,45344,nominee
8,Tsitsi Dangarembga,This Mournable Body,36479936,Booker,5:592|4:1572|3:2002|2:682|1:195|total:5043,5043,729,3.33,2018,literary fiction,16138,nominee
9,Sophie Ward,Love and Other Thought Experiments,43528427,Booker,5:1187|4:2318|3:1872|2:680|1:175|total:6232,6232,867,3.59,2020,literary fiction,21226,nominee
10,Maaza Mengiste,The Shadow King,43726511,Booker,5:3294|4:5498|3:4602|2:1396|1:382|total:15172,15172,2052,3.65,2019,literary fiction,42748,nominee
11,Brandon Taylor,Real Life,46263943,Booker,5:9384|4:14888|3:9922|2:2867|1:721|total:37782,37782,5705,3.78,2020,literary fiction,133113,nominee
12,Gabriel Krauze,Who They Was,52813345,Booker,5:1832|4:2031|3:896|2:244|1:116|total:5119,5119,613,4.02,2020,literary fiction,13206,nominee
13,Percival Everett,The Trees,56269278,Booker,5:21711|4:26986|3:10717|2:2486|1:764|total:62664,62664,8598,4.06,2021,literary fiction,107104,nominee
14,Claire Keegan,Small Things Like These,58662236,Booker,5:165182|4:206180|3:87623|2:15532|1:2981|total:477498,477498,56665,4.08,2021,literary fiction,486543,nominee
15,Shehan Karunatilaka,The Seven Moons of Maali Almeida,57224204,Booker,5:18727|4:24744|3:13674|2:3830|1:1279|total:62254,62254,8286,3.9,2022,literary fiction,143245,winner
16,Leila Mottley,Nightcrawling,58537371,Booker,5:17697|4:28203|3:13641|2:2803|1:594|total:62938,62938,8269,3.95,2022,literary fiction,184651,nominee
17,Audrey Magee,The Colony,57977494,Booker,5:4823|4:5715|3:2141|2:474|1:132|total:13285,13285,1841,4.1,2022,literary fiction,32242,nominee
18,Hernan Diaz,Trust,58210933,Booker,5:47859|4:70488|3:45599|2:13759|1:4036|total:181741,181741,21691,3.79,2022,literary fiction,310436,nominee
19,NoViolet Bulawayo,Glory,58491879,Booker,5:1518|4:2175|3:1445|2:589|1:222|total:5949,5949,1084,3.7,2022,literary fiction,27925,nominee
20,Maddie Mortimer,Maps of Our Spectacular Bodies,59366234,Booker,5:2557|4:2695|3:1590|2:497|1:132|total:7471,7471,1374,3.94,2022,literary fiction,37055,nominee
21,Graeme Macrae Burnet,Case Study,57539677,Booker,5:1880|4:4920|3:4187|2:1179|1:269|total:12435,12435,1723,3.56,2021,literary fiction,30775,nominee
22,Elizabeth Strout,"Oh William! (Amgash, #3)",56294820,Booker,5:25133|4:40154|3:23993|2:5366|1:1328|total:95974,95974,9622,3.86,2021,literary fiction,91131,nominee
23,Alan Garner,Treacle Walker,58205835,Booker,5:1155|4:2499|3:3279|2:1937|1:879|total:9749,9749,1776,3.11,2021,literary fiction,13973,nominee
24,Karen Joy Fowler,Booth,58502673,Booker,5:3968|4:6269|3:3895|2:1007|1:267|total:15406,15406,2432,3.82,2022,literary fiction,36170,nominee
25,Selby Wynn Schwartz,After Sappho,61089551,Booker,5:1209|4:2009|3:2089|2:847|1:225|total:6379,6379,1373,3.49,2022,literary fiction,39258,nominee
26,Tan Twan Eng,The House of Doors,65215270,Booker,5:8482|4:10490|3:4272|2:713|1:154|total:24111,24111,2930,4.1,2023,literary fiction,60511,nominee
27,Paul Murray,The Bee Sting,62039166,Booker,5:46059|4:53697|3:28832|2:10616|1:4659|total:143863,143863,20141,3.88,2023,literary fiction,363211,nominee
28,Sebastian Barry,Old God's Time,62331692,Booker,5:5266|4:7488|3:4709|2:1440|1:534|total:19437,19437,3018,3.8,2023,literary fiction,28566,nominee
29,Paul Lynch,Prophet Song,158875813,Booker,5:33505|4:33033|3:15805|2:5227|1:1668|total:89238,89238,13272,4.03,2023,literary fiction,161920,winner
30,Jonathan Escoffery,If I Survive You,60524416,Booker,5:2325|4:5806|3:4331|2:908|1:215|total:13585,13585,1753,3.67,2022,literary fiction,46185,nominee
31,Paul Harding,This Other Eden,61118954,Booker,5:5180|4:8598|3:6191|2:1587|1:385|total:21941,21941,3033,3.76,2023,literary fiction,47191,nominee
32,Martin MacInnes,In Ascension,81360004,Booker,5:3846|4:5960|3:4196|2:1420|1:354|total:15776,15776,2512,3.73,2024,literary fiction,60623,nominee
33,Viktoria Lloyd-Barlow,All the Little Bird-Hearts,62606735,Booker,5:1140|4:2414|3:1505|2:385|1:75|total:5519,5519,832,3.75,2023,literary fiction,15150,nominee
34,Chetna Maroo,Western Lane,61104275,Booker,5:1387|4:3975|3:4476|2:1107|1:169|total:11114,11114,1603,3.48,2023,literary fiction,17074,nominee
35,Elaine Feeney,How to Build a Boat,61634095,Booker,5:1491|4:2788|3:2070|2:502|1:123|total:6974,6974,821,3.72,2023,literary fiction,10577,nominee
36,Sarah Bernstein,Study for Obedience,123636870,Booker,5:1121|4:3216|3:5404|2:3191|1:1120|total:14052,14052,2560,3.0,2023,literary fiction,26049,nominee
37,Ayọ̀bámi Adébáyọ̀,A Spell of Good Things,57834285,Booker,5:1507|4:3257|3:2024|2:394|1:93|total:7275,7275,1235,3.78,2023,literary fiction,31759,nominee
38,Percival Everett,James,9780385550369,Booker,5:312394|4:194060|3:50648|2:8721|1:2632|total:568455,568455,58854,4.42,2024,literary fiction,647477,winner
39,Yael van der Wouden,The Safekeep,199798201,Booker,5:44200|4:52720|3:23168|2:4999|1:1080|total:126167,126167,18209,4.06,2024,literary fiction,218687,nominee
40,Samantha Harvey,Orbital,123136728,Booker,5:30019|4:49894|3:48510|2:21107|1:6643|total:156173,156173,27285,3.48,2023,literary fiction,216302,winner
41,Charlotte Wood,Stone Yard Devotional,168632462,Booker,5:6541|4:11962|3:8696|2:2302|1:598|total:30099,30099,4155,3.72,2023,literary fiction,53609,nominee
42,Hisham Matar,My Friends,9780812994858,Booker,5:7894|4:6956|3:2142|2:355|1:82|total:17429,17429,2637,4.28,2024,literary fiction,63443,nominee
43,Colin Barrett,Wild Houses,128714412,Booker,5:1408|4:4035|3:2998|2:474|1:102|total:9017,9017,1175,3.68,2024,literary fiction,20591,nominee
44,Anne Michaels,Held,200241802,Booker,5:2187|4:3986|3:3977|2:1517|1:446|total:12113,12113,2221,3.49,2023,literary fiction,23915,nominee
45,Rita Bullwinkel,Headshot,174156218,Booker,5:2199|4:5449|3:5617|2:1846|1:391|total:15502,15502,2813,3.47,2024,literary fiction,32674,nominee
46,Claire Messud,This Strange Eventful History,201187765,Booker,5:1114|4:2091|3:1922|2:607|1:198|total:5932,5932,958,3.56,None,literary fiction,24002,nominee
47,Tommy Orange,Wandering Stars,174147294,Booker,5:8760|4:17223|3:10367|2:2151|1:520|total:39021,39021,5722,3.81,2024,literary fiction,163875,nominee
48,Rachel Kushner,Creation Lake,207300960,Booker,5:4838|4:12053|3:13159|2:5560|1:1685|total:37295,37295,5777,3.34,2024,literary fiction,96128,nominee
49,Sarah Perry,Enlightenment,196774352,Booker,5:1211|4:1780|3:1569|2:699|1:208|total:5467,5467,1083,3.56,2024,literary fiction,34829,nominee
50,Richard Powers,Playground,205478762,Booker,5:19830|4:18540|3:7895|2:1844|1:569|total:48678,48678,7162,4.13,2024,literary fiction,131842,nominee
51,Benjamin Wood,Seascraper,220605957,Booker,5:4418|4:6488|3:2763|2:475|1:101|total:14245,14245,2414,4.03,2025,literary fiction,49468,nominee
52,Natasha Brown,Universality,214269374,Booker,5:857|4:2931|3:4197|2:1590|1:327|total:9902,9902,1873,3.24,2025,literary fiction,34828,nominee
53,David Szalay,Flesh,214152261,Booker,5:15376|4:27027|3:18446|2:5650|1:1580|total:68079,68079,10144,3.72,2025,literary fiction,142304,winner
54,Katie Kitamura,Audition,216247518,Booker,5:4626|4:12780|3:15795|2:7261|1:1471|total:41933,41933,7895,3.28,2025,literary fiction,91139,nominee
55,Susan Choi,Flashlight,219743621,Booker,5:6033|4:8439|3:4604|2:1114|1:269|total:20459,20459,3151,3.92,2025,literary fiction,121194,nominee
56,Andrew Miller,The Land in Winter,209160325,Booker,5:3534|4:7322|3:5061|2:1360|1:311|total:17588,17588,2337,3.71,2024,literary fiction,44718,nominee
57,Maria Reva,Endling,218460339,Booker,5:2999|4:4737|3:2822|2:698|1:159|total:11415,11415,2285,3.85,2025,literary fiction,47820,nominee
58,Claire Adam,Love Forms,220999014,Booker,5:663|4:1573|3:1347|2:305|1:81|total:3969,3969,704,3.61,2025,literary fiction,14789,nominee
59,Tash Aw,The South,217587065,Booker,5:702|4:1925|3:1651|2:348|1:36|total:4662,4662,846,3.62,2025,literary fiction,21019,nominee
60,Jonathan Buckley,One Boat,217832844,Booker,5:175|4:623|3:975|2:432|1:89|total:2294,2294,475,3.16,2025,literary fiction,9343,nominee
61,Ledia Xhoga,Misinterpretation,205973374,Booker,5:334|4:1269|3:1653|2:476|1:96|total:3828,3828,775,3.33,2024,literary fiction,13178,nominee
62,Benjamin Markovits,The Rest of Our Lives,218734847,Booker,5:1878|4:5526|3:7457|2:2848|1:644|total:18353,18353,2478,3.28,2025,literary fiction,43620,nominee
63,Kiran Desai,The Loneliness of Sonia and Sunny,222683974,Booker,5:7896|4:9828|3:7632|2:2541|1:846|total:28743,28743,4501,3.74,2025,literary fiction,137290,nominee
64,Anuk Arudpragasam,A Passage North,55873262,Booker,5:1998|4:3508|3:2643|2:736|1:196|total:9081,9081,1462,3.7,2021,literary fiction,31249,nominee
65,Rachel Cusk,Second Place,54785558,Booker,5:6709|4:10333|3:8179|2:2662|1:890|total:28773,28773,3754,3.67,2021,literary fiction,61941,nominee
66,Damon Galgut,The Promise,54633172,Booker,5:13293|4:20935|3:12558|2:3189|1:800|total:50775,50775,5262,3.84,2021,literary fiction,74908,winner
67,Karen Jennings,An Island,59576018,Booker,5:556|4:1660|3:1521|2:352|1:95|total:4184,4184,629,3.53,2020,literary fiction,13613,nominee
68,Nathan Harris,The Sweetness of Water,54404602,Booker,5:23634|4:26335|3:9902|2:1719|1:498|total:62088,62088,5828,4.14,2021,literary fiction,112045,nominee
69,Kazuo Ishiguro,Klara and the Sun,54120408,Booker,5:100332|4:176872|3:130260|2:34566|1:6279|total:448309,448309,50946,3.74,2021,literary fiction,541176,nominee
70,Mary Lawson,A Town Called Solace,53328334,Booker,5:8819|4:13796|3:5895|2:1031|1:186|total:29727,29727,3111,4.01,2021,literary fiction,26046,nominee
71,Patricia Lockwood,No One Is Talking About This,53733106,Booker,5:12513|4:18908|3:15449|2:6871|1:3002|total:56743,56743,10146,3.55,2021,literary fiction,120416,nominee
72,Nadifa Mohamed,The Fortune Men,55592200,Booker,5:1161|4:2689|3:1535|2:278|1:84|total:5747,5747,776,3.79,2021,literary fiction,14505,nominee
73,Richard Powers,Bewilderment,56404444,Booker,5:22803|4:27726|3:15954|2:4776|1:1308|total:72567,72567,9397,3.91,2021,literary fiction,109495,nominee
74,Sunjeev Sahota,China Room,55994371,Booker,5:2192|4:4776|3:3057|2:611|1:111|total:10747,10747,1202,3.77,2021,literary fiction,15657,nominee
75,Maggie Shipstead,Great Circle,54976986,Booker,5:31975|4:33706|3:14174|2:3329|1:1264|total:84448,84448,10286,4.09,2021,literary fiction,181569,nominee
76,Francis Spufford,Light Perpetual,58438601,Booker,5:1442|4:2225|3:1785|2:582|1:182|total:6216,6216,1092,3.67,2021,literary fiction,16736,nominee
77,Siân Hughes,Pearl,122758113,Booker,5:1657|4:2892|3:1776|2:358|1:74|total:6757,6757,1135,3.84,2023,literary fiction,17916,nominee
78,John Grisham,"Camino Winds (Camino Island, #2)",9780385545938,,5:25068|4:35085|3:26357|2:5894|1:1509|total:93913,93913,6575,3.81,2020,popular fiction,57892,
79,Celeste Ng,Little Fires Everywhere,9780735224315,,5:451557|4:581642|3:239655|2:44546|1:11568|total:1328968,1328968,85584,4.07,2017,popular fiction,1024753,
81,Jeanine Cummins,American Dirt,9781250209764,,5:375037|4:237119|3:69369|2:14968|1:6334|total:702827,702827,53548,4.37,2020,popular fiction,570080,
82,John Sandford,Masked Prey,9780525539537,,5:10528|4:10118|3:4066|2:680|1:281|total:25673,25673,1699,4.17,2020,popular fiction,14075,nominee
83,John Grisham,"Camino Ghosts (Camino Island, #3)",9780385545990,,5:27733|4:22297|3:10567|2:2032|1:642|total:63271,63271,3931,4.18,2024,popular fiction,57544,
84,Kristin Hannah,The Women,9781250178633,,5:1139560|4:408001|3:103824|2:18681|1:5098|total:1675164,1675164,173299,4.59,2024,popular fiction,1146737,
85,Stephen King,You Like It Darker,9781668037713,,5:36107|4:39570|3:13674|2:2292|1:646|total:92289,92289,11112,4.17,2024,popular fiction,206505,
86,Emily Henry,Funny Story,9780593441282,,5:529041|4:580780|3:202036|2:29953|1:6120|total:1347930,1347930,167815,4.18,2024,popular fiction,1119155,
87,Abby Jimenez,"Just for the Summer (Part of Your World, #3)",9781538704431,,5:559873|4:422017|3:122636|2:19150|1:4225|total:1127901,1127901,134160,4.34,2024,popular fiction,846660,
88,Colleen Hoover,"It Ends with Us (It Ends with Us, #1)",9781501110368,,5:2131502|4:1405755|3:724455|2:275144|1:170179|total:4707035,4707035,303613,4.07,2016,popular fiction,1669051,
89,Rebecca Yarros,"Iron Flame (The Empyrean, #2)",9781649374172,,5:1460734|4:872186|3:303892|2:62555|1:17722|total:2717089,2717089,253219,4.36,2023,popular fiction,1082871,
90,Rebecca Yarros,"Fourth Wing (The Empyrean, #1)",9781649374042,,5:2577381|4:790118|3:239098|2:67735|1:33690|total:3708022,3708022,399912,4.57,2023,popular fiction,2009345,
91,Harlan Coben,"Think Twice (Myron Bolitar, #12)",9781538756348,,5:22845|4:19428|3:7869|2:1279|1:337|total:51758,51758,3729,4.22,2024,popular fiction,61181,
92,Ernest Cline,"Ready Player Two (Ready Player One, #2)",9781524761332,,5:31522|4:61104|3:63724|2:25105|1:8184|total:189639,189639,21893,3.44,2020,popular fiction,163566,
93,John Grisham,"A Time for Mercy (Jake Brigance, #3)",9780385545969,,5:46823|4:37580|3:11734|2:1913|1:764|total:98814,98814,7257,4.29,2020,popular fiction,58345,
94,Brit Bennett,The Vanishing Half,9780525536291,,5:308588|4:385213|3:148267|2:21787|1:4790|total:868645,868645,68081,4.12,2020,popular fiction,994938,
95,Nicholas Sparks,The Return,9781538728574,,5:34184|4:38273|3:26697|2:6394|1:1621|total:107169,107169,7134,3.91,2020,popular fiction,98300,
97,R.F. Kuang,Katabasis,9780063021471,,5:36067|4:59873|3:41739|2:12442|1:2800|total:152921,152921,35836,3.75,2025,popular fiction,539254,
98,Delia Owens,Where the Crawdads Sing,9780735219090,,5:2085450|4:1074033|3:391127|2:103805|1:40707|total:3695122,3695122,228487,4.37,2018,popular fiction,1799645,
99,Emily Henry,Book Lovers,9780593334836,,5:604284|4:637256|3:288363|2:61426|1:15722|total:1607051,1607051,179612,4.09,2022,popular fiction,1478103,
100,Elin Hilderbrand,The Hotel Nantucket,9780316258678,,5:98711|4:147325|3:59991|2:8368|1:1978|total:316373,316373,26016,4.05,2022,popular fiction,295547,
101,Amor Towles,The Lincoln Highway,9780735222359,,5:142604|4:116932|3:45936|2:9732|1:2649|total:317853,317853,32807,4.22,2021,popular fiction,345438,
102,John Grisham,"The Judge's List (The Whistler, #2)",9780385546027,,5:47992|4:48997|3:20548|2:3581|1:1072|total:122190,122190,7364,4.14,2021,popular fiction,62939,
104,Jodi Picoult,Wish You Were Here,9781984818416,,5:87653|4:120227|3:67544|2:16204|1:4772|total:296400,296400,27392,3.91,2021,popular fiction,383828,
105,Jack Carr,"In the Blood (Terminal List, #5)",9781982181659,,5:16871|4:8635|3:2120|2:313|1:108|total:28047,28047,1135,4.49,2022,popular fiction,17124,
106,John Grisham,The Widow,9780385548984,,5:43259|4:38719|3:20352|2:4518|1:1495|total:108343,108343,8218,4.09,2025,popular fiction,149558,
107,Callie Hart,"Brimstone (Fae & Alchemy, #2)",9781538774229,,5:116550|4:117983|3:60656|2:14676|1:3345|total:313210,313210,37632,4.05,2025,popular fiction,352369,
108,SenLinYu,Alchemised,9780593972700,,5:153790|4:65948|3:26711|2:9258|1:6203|total:261910,261910,49734,4.34,2025,popular fiction,877482,
109,Callie Hart,"Quicksilver (Fae & Alchemy, #1)",9781538774205,,5:476639|4:303254|3:108296|2:24628|1:9447|total:922264,922264,106788,4.32,2024,popular fiction,889536,
111,Reese Witherspoon and Harlan Coben,Gone Before Goodbye,9781538774700,,5:27994|4:53601|3:44395|2:11824|1:2879|total:140693,140693,12645,3.65,2025,popular fiction,258825,
112,Brad Thor,"Black Ice (Scot Harvath, #20)",9781982104146,,5:8681|4:6218|3:2267|2:424|1:120|total:17710,17710,857,4.29,2021,popular fiction,7101,
113,Miranda Cowley Heller,The Paper Palace,9780593329825,,5:100371|4:165105|3:103665|2:28103|1:10470|total:407714,407714,30157,3.78,2021,popular fiction,390544,
114,Percival Everett,James,9780385550369,,5:302771|4:186378|3:48129|2:8278|1:2531|total:548087,548087,56823,4.42,2024,popular fiction,647477,winner
115,James Patterson and Maxine Paetro,25 Alive (Women’s Murder Club #25),9780316569781,,5:13121|4:10018|3:5298|2:1077|1:325|total:29839,29839,1489,4.16,2025,popular fiction,13292,
116,Emily Henry,Great Big Beautiful Life,9780593441299,,5:224739|4:335819|3:181653|2:30940|1:5459|total:778610,778610,107436,3.95,2025,popular fiction,859290,
117,Rebecca Yarros,Onyx Storm (The Empyrean #3),9781649376947,,5:836160|4:573827|3:284368|2:64096|1:15886|total:1774337,1774337,208447,4.21,2025,popular fiction,1026082,
118,Jeneva Rose,"The Perfect Divorce (Perfect, #2)",9798874620936,,5:84511|4:124703|3:61243|2:9567|1:1495|total:281519,281519,21159,4.0,2025,popular fiction,356046,
119,Freida McFadden,The Tenant,9781464227318,,5:163400|4:256582|3:182728|2:34532|1:6237|total:643479,643479,51658,3.83,2025,popular fiction,467510,
120,Colleen Hoover,"It Starts with Us (It Ends with Us, #2)",9781668001226,,5:675847|4:724624|3:527916|2:164303|1:56130|total:2148820,2148820,129931,3.84,2022,popular fiction,845309,
121,Stephen King,Fairy Tale,9781668002179,,5:139184|4:123106|3:63895|2:16696|1:3955|total:346836,346836,38823,4.09,2022,popular fiction,467579,
122,Michael Connelly,"The Dark Hours (Renée Ballard, #4; Harry Bosch, #23; Harry Bosch Universe, #36)",9780316256568,,5:43739|4:30946|3:7792|2:1073|1:468|total:84018,84018,5034,4.39,2021,popular fiction,27720,
123,Nicholas Sparks,The Wish,9781538728628,,5:101137|4:65107|3:24238|2:4548|1:1272|total:196302,196302,18428,4.33,2021,popular fiction,232385,
124,Liane Moriarty,Apples Never Fall,9781250220257,,5:100349|4:184357|3:126619|2:30913|1:7987|total:450225,450225,35408,3.75,2021,popular fiction,333035,
125,Lee Child and Andrew Child,"Better off Dead (Jack Reacher, #26)",9781984818515,,5:20453|4:22646|3:16093|2:4782|1:1667|total:65641,65641,4077,3.84,2021,popular fiction,39777,
126,Hillary Rodham Clinton and Louise Penny,State of Terror,9781982173678,,5:31545|4:34816|3:14949|2:2803|1:1039|total:85152,85152,9669,4.09,2021,popular fiction,70616,
127,Tessa Bailey,"Hook, Line, and Sinker (Bellinger Sisters, #2)",9780063045699,,5:122951|4:185859|3:113160|2:25771|1:5544|total:453285,453285,39571,3.87,2022,popular fiction,360199,
128,Lucy Foley,The Paris Apartment,9780063003057,,5:127110|4:295730|3:245936|2:55368|1:11131|total:735275,735275,60321,3.64,2022,popular fiction,731342,
129,Sarah J. Maas,"House of Sky and Breath (Crescent City, #2)",9781635574074,,5:487006|4:271675|3:84955|2:14963|1:3726|total:862325,862325,89626,4.42,2022,popular fiction,764256,
130,Brad Thor,Edge of Honor (Scot Harvath #24),9781982182311,,5:6114|4:3387|3:1005|2:137|1:37|total:10680,10680,466,4.44,2025,popular fiction,4100,
131,Taylor Jenkins Reid,Atmosphere,9780593158715,,5:408289|4:286683|3:99468|2:16121|1:4025|total:814586,814586,120133,4.32,2025,popular fiction,1008086,
132,Navessa Allen,"Caught Up (Into Darkness, #2)",9781638932253,,5:60641|4:86044|3:59156|2:16282|1:5047|total:227170,227170,28880,3.8,2025,popular fiction,285248,
133,Stephen King,"Never Flinch (Holly Gibney, #4)",9781668089330,,5:17397|4:28703|3:19155|2:4074|1:1055|total:70384,70384,7496,3.81,2025,popular fiction,114949,
134,Lisa Jewell,Don't Let Him In,9781668033876,,5:47179|4:90622|3:62930|2:14331|1:2982|total:218044,218044,23902,3.76,2025,popular fiction,405931,
135,Kristin Hannah,The Four Winds,9781250178602,,5:504783|4:369392|3:121741|2:25679|1:7451|total:1029046,1029046,92707,4.3,2021,popular fiction,813138,
136,Sister Souljah,"Life After Death (The Coldest Winter Ever, #2)",9781982139131,,5:811|4:477|3:809|2:783|1:1323|total:4203,4203,989,2.68,2021,popular fiction,9516,
137,Sarah J. Maas,"A ​Court of Silver Flames (A Court of Thorns and Roses, #5)",9781681196282,,5:1312612|4:593716|3:196807|2:45099|1:17124|total:2165358,2165358,177831,4.45,2021,popular fiction,1099592,
138,J.D. Robb,"Golden in Death (In Death, #50)",9781250207210,,5:14935|4:8964|3:3157|2:427|1:159|total:27642,27642,2097,4.38,2020,popular fiction,18620,
139,John Grisham,"The Exchange (The Firm, #2)",9780385548953,,5:28022|4:32552|3:30116|2:10328|1:3741|total:104759,104759,8198,3.68,2023,popular fiction,99993,
140,Stephen King,"Holly (Holly Gibney, #3)",9781668016138,,5:70092|4:80571|3:33076|2:7383|1:3103|total:194225,194225,20979,4.07,2023,popular fiction,317622,
141,Deborah Harkness,The Black Bird Oracle (All Souls #5),9780593724781,,5:15636|4:14703|3:8464|2:1884|1:351|total:41038,41038,3843,4.06,2024,popular fiction,103859,
142,Freida McFadden,"The Housemaid Is Watching (The Housemaid, #3)",9781464221132,,5:305722|4:411084|3:302892|2:64993|1:10201|total:1094892,1094892,76099,3.86,2024,popular fiction,674421,
143,Harlan Coben,"The Match (Wilde, #2)",9781538748336,,5:26518|4:27463|3:10260|2:1620|1:416|total:66277,66277,4379,4.18,2022,popular fiction,61440,
144,Dolly Parton and James Patterson,"Run, Rose, Run",9780759554344,,5:37790|4:52105|3:40680|2:9968|1:2343|total:142886,142886,13366,3.79,2022,popular fiction,110459,
145,Julia Quinn,The Duke and I (Bridgertons #1),9780062424037,,5:194693|4:264295|3:193617|2:50534|1:15791|total:718930,718930,53612,3.8,2000,popular fiction,473384,
146,Nora Roberts,Nightwork,9781250278203,,5:19764|4:14573|3:5962|2:1186|1:396|total:41881,41881,2988,4.24,2022,popular fiction,39133,
147,Robert Galbraith,"The Running Grave (Cormoran Strike, #7)",9780316572132,,5:76420|4:30527|3:5848|2:894|1:375|total:114064,114064,9753,4.59,2023,popular fiction,45561,
148,Ann Patchett,Tom Lake,9780063327528,,5:157198|4:207511|3:114638|2:28562|1:7451|total:515360,515360,63064,3.93,2023,popular fiction,544338,
149,Kyle Mills,Code Red,9781982165024,,5:11510|4:7113|3:2174|2:289|1:88|total:21174,21174,745,4.4,2023,popular fiction,8659,
150,Colleen Hoover,Too Late,9781538756591,,5:219214|4:194381|3:103570|2:30934|1:12565|total:560664,560664,36045,4.03,2016,popular fiction,375000,
151,John Sandford,"Judgment Prey (Lucas Davenport #33, Virgil Flowers #15)",9780593542828,,5:14323|4:10272|3:3140|2:423|1:153|total:28311,28311,1396,4.35,2023,popular fiction,9627,
152,Elin Hilderbrand,28 Summers,9780316420044,,5:117466|4:108313|3:40853|2:9262|1:2860|total:278754,278754,23520,4.18,2020,popular fiction,242793,
153,James Patterson and Bill Clinton,The President's Daughter,9780316540711,,5:26012|4:19212|3:6786|2:1224|1:532|total:53766,53766,4113,4.28,2021,popular fiction,42247,
154,John Grisham,Sooley,9780385547680,,5:28893|4:24006|3:10946|2:2774|1:1218|total:67837,67837,5967,4.13,2021,popular fiction,34742,
155,Stephen King,Billy Summers,9781982173616,,5:82126|4:77441|3:28831|2:6172|1:2005|total:196575,196575,20841,4.18,2021,popular fiction,272392,
156,Emily Henry,Happy Place,9780593441275,,5:455572|4:583656|3:335735|2:77790|1:18618|total:1471371,1471371,166645,3.94,2023,popular fiction,1277907,
157,Elin Hilderbrand,"The Five-Star Weekend (Sommer in Nantucket, #1)",9780316258777,,5:101149|4:154476|3:69990|2:9885|1:2132|total:337632,337632,23633,4.01,2023,popular fiction,310616,
158,Emily McIntire,"Hexed (Never After, #6)",9781728275864,,5:26285|4:24386|3:10354|2:2083|1:483|total:63591,63591,7298,4.16,2024,popular fiction,127257,
159,Freida McFadden,The Boyfriend,9781728296227,,5:337862|4:433137|3:210610|2:38454|1:7035|total:1027098,1027098,89510,4.03,2024,popular fiction,596695,
160,Nicholas Sparks,Counting Miracles,9780593449592,,5:35287|4:33108|3:15411|2:2611|1:578|total:86995,86995,6700,4.15,2024,popular fiction,130403,
161,James Patterson and Maxine Paetro,"The 23rd Midnight (Women's Murder Club, #23)",9780316402989,,5:20010|4:13245|3:4646|2:606|1:191|total:38698,38698,1735,4.35,2023,popular fiction,33035,
162,Julie Soto,"Rose in Chains (The Evermore Trilogy, #1)",9781538771228,,5:33661|4:28360|3:11102|2:3191|1:1287|total:77601,77601,16793,4.16,2025,popular fiction,198668,
164,Jodi Picoult,The Book of Two Ways,9781984818355,,5:26553|4:40538|3:33781|2:10556|1:3728|total:115156,115156,13457,3.66,2020,popular fiction,135891,
165,John Sandford,"Toxic Prey (Lucas Davenport, #34, Letty Davenport, #3)",9780593714508,,5:14513|4:7733|3:2598|2:505|1:204|total:25553,25553,1606,4.4,2024,popular fiction,8945,
166,Michael Connelly,"The Law of Innocence (The Lincoln Lawyer, #6; Harry Bosch Universe #35)",9780316498029,,5:40264|4:29321|3:7858|2:1226|1:597|total:79266,79266,5649,4.36,2020,popular fiction,41607,
167,Elin Hilderbrand,Troubles in Paradise,9780316435611,,5:35548|4:55001|3:32048|2:4856|1:662|total:128115,128115,7719,3.94,2020,popular fiction,60742,
168,David Baldacci,Walk the Wire (Memory Man Book 6),9781538761502,,5:26649|4:25781|3:10647|2:2036|1:615|total:65728,65728,3944,4.15,2020,popular fiction,40333,
169,Amanda Gorman,The Hill We Climb: An Inaugural Poem for the Country,9780593465271,,5:24812|4:7168|3:2657|2:782|1:430|total:35849,35849,3327,4.54,2021,popular fiction,63044,
170,J.D. Robb,"Framed in Death (In Death, #61)",9781250370839,,5:11401|4:5450|3:1789|2:264|1:85|total:18989,18989,1334,4.46,2025,popular fiction,29845,
171,Amanda Gorman,Call Us What We Carry,9780593465066,,5:12766|4:9499|3:3372|2:863|1:274|total:26774,26774,4070,4.26,2021,popular fiction,99655,
172,Diana Gabaldon,"Go Tell the Bees That I Am Gone (Outlander, #9)",9781101885680,,5:58377|4:24882|3:9516|2:1915|1:602|total:95292,95292,7466,4.45,2021,popular fiction,143285,
173,E.L. James,"Freed (Fifty Shades as Told by Christian, #3)",9781728251059,,5:14460|4:9198|3:5808|2:1786|1:820|total:32072,32072,2100,4.08,2021,popular fiction,34537,
174,Laura Dave,"The Last Thing He Told Me (Hannah Hall, #1)",9781501171345,,5:279308|4:501784|3:317617|2:64557|1:12358|total:1175624,1175624,75153,3.83,2021,popular fiction,1077002,
175,Danielle Steel,Royal: A Novel,9780399179655,,5:5518|4:4247|3:2931|2:962|1:403|total:14061,14061,1131,3.96,2020,popular fiction,12807,
176,Sandra Brown,Thick as Thieves,9781538751916,,5:9922|4:12156|3:6170|2:1246|1:355|total:29849,29849,1997,4.01,2020,popular fiction,48756,
177,Nora Roberts,Identity,9781250284327,,5:35506|4:24734|3:9566|2:2030|1:633|total:72469,72469,5955,4.28,2023,popular fiction,53812,
179,Colleen Hoover,Verity,9781538739723,,5:2123024|4:1134446|3:464598|2:149512|1:68477|total:3940057,3940057,310157,4.29,2018,popular fiction,1509212,
180,Nicholas Sparks,Dreamland,9780593449554,,5:35727|4:37705|3:24453|2:5842|1:1492|total:105219,105219,7717,3.95,2022,popular fiction,125608,
181,J.D. Robb,"Random in Death (In Death, #58)",9781250289551,,5:16432|4:7695|3:2564|2:438|1:169|total:27298,27298,1867,4.46,2024,popular fiction,17849,
182,John Sandford,Lethal Prey (Lucas Davenport #35; Virgil Flowers #16),9780593718421,,5:9282|4:7788|3:3037|2:542|1:273|total:20922,20922,1488,4.21,2025,popular fiction,6255,
183,Hilary Mantel,"The Mirror & the Light (Thomas Cromwell, #3)",9780805096606,,5:27027|4:14823|3:4706|2:961|1:322|total:47839,47839,6191,4.41,2020,popular fiction,102311,
184,Sarah J. Maas,"House of Earth and Blood (Crescent City, #1)",9781635574043,,5:710578|4:352873|3:101623|2:20663|1:9772|total:1195509,1195509,116245,4.45,2020,popular fiction,1396527,
185,James Patterson and James O. Born,Blindside (Michael Bennett #12),9780316529563,,5:8087|4:8045|3:3513|2:534|1:161|total:20340,20340,1030,4.15,2020,popular fiction,32131,
186,Michael Crichton and James Patterson,Eruption,9780316565073,,5:19219|4:22802|3:18876|2:6288|1:1924|total:69109,69109,6314,3.74,2024,popular fiction,49475,
187,John Sandford,"Ocean Prey (Lucas Davenport #31, Virgil Flowers #13)",9780593087039,,5:20284|4:12257|3:3703|2:699|1:304|total:37247,37247,2275,4.38,2021,popular fiction,11497,
188,Ana Huang,"King of Sloth (Kings of Sin, #4)",9781728289755,,5:75276|4:98720|3:52653|2:10484|1:2353|total:239486,239486,22977,3.98,2024,popular fiction,333254,
189,David Baldacci,A Calamity of Souls,9781538765029,,5:42301|4:23556|3:5828|2:991|1:361|total:73037,73037,5622,4.46,2024,popular fiction,77718,
190,Brad Thor,"Near Dark (Scot Harvath, #19)",9781982104085,,5:7806|4:5819|3:2259|2:458|1:141|total:16483,16483,963,4.26,2020,popular fiction,13028,
191,Brandon Sanderson,"Wind and Truth (The Stormlight Archive, #5)",9781250319180,,5:81772|4:40504|3:15818|2:4466|1:1499|total:144059,144059,18071,4.36,2024,popular fiction,158149,
192,Gregory Maguire,Wicked,9780062852847,,5:168155|4:202350|3:181440|2:88417|1:50950|total:691312,691312,40512,3.5,1995,popular fiction,519740,
193,David Baldacci,To Die For (6:20 Man),9781538757932,,5:23904|4:15737|3:4611|2:649|1:218|total:45119,45119,2082,4.38,None,popular fiction,35957,
194,Jack Carr,Only the Dead (Terminal List #6),9781982181697,,5:15407|4:7075|3:1599|2:227|1:81|total:24389,24389,1052,4.54,2023,popular fiction,12879,
195,John Grisham,"Sparring Partners (Jake Brigance, #4)",9780385549325,,5:13394|4:18688|3:14794|2:3597|1:1418|total:51891,51891,3681,3.75,2022,popular fiction,52724,
196,,"The Hamptons Lawyer (Jane Smith, #3)",9780316569941,,5:5159|4:4215|3:1898|2:322|1:127|total:11721,11721,494,4.19,2025,popular fiction,6373,
197,Daniel Silva,An Inside Job,9780063384255,,5:14518|4:7859|3:2743|2:441|1:155|total:25716,25716,1377,4.41,2025,popular fiction,14515,
198,David Baldacci,"Dream Town (Archer, #3)",9781538719787,,5:14858|4:15261|3:7324|2:1326|1:404|total:39173,39173,1882,4.09,2022,popular fiction,25947,
199,John Sandford,"The Investigator (Letty Davenport, #1)",9780593328699,,5:16952|4:11577|3:4542|2:957|1:439|total:34467,34467,2351,4.27,2022,popular fiction,15389,
200,Harlan Coben,I Will Find You,9781538748404,,5:47746|4:54260|3:21541|2:3533|1:798|total:127878,127878,9417,4.13,2023,popular fiction,110335,
201,Lucy Score,"Things We Hide From the Light (Knockemout, #2)",9781728276113,,5:190048|4:205471|3:109870|2:24134|1:5189|total:534712,534712,34462,4.03,2023,popular fiction,638104,
202,James Patterson and Maxine Paetro,"The 24th Hour (Women's Murder Club, #24)",9780316403283,,5:13741|4:11647|3:7157|2:1413|1:339|total:34297,34297,1648,4.08,2024,popular fiction,17150,
203,Douglas Preston and Lincoln Child,Bloodless (Pendergast #20),9781538736715,,5:7010|4:7114|3:3882|2:1017|1:300|total:19323,19323,1946,4.01,2021,popular fiction,10677,
204,Harlan Coben,The Boy from the Woods,9781538748169,,5:35134|4:46989|3:25382|2:5534|1:1525|total:114564,114564,8299,3.95,2020,popular fiction,118145,
205,J.D. Robb,"Passions in Death (In Death, #59)",9781250289575,,5:11315|4:7061|3:3221|2:704|1:226|total:22527,22527,1653,4.27,2024,popular fiction,31431,
206,Hannah Grace,"Daydream (Maple Hills, #3)",9781668026250,,5:71213|4:99752|3:61167|2:13305|1:2933|total:248370,248370,33169,3.9,2024,popular fiction,343559,
207,Ali Hazelwood,Mate,9780593952580,,5:90367|4:110854|3:51286|2:10565|1:2266|total:265338,265338,41303,4.04,2025,popular fiction,267503,
209,C.J. Box,"Storm Watch (Joe Pickett, #23)",9780593331316,,5:12376|4:10248|3:4359|2:810|1:277|total:28070,28070,1591,4.2,2023,popular fiction,10195,
210,Fredrik Backman,My Friends,9781982112844,,5:249959|4:141348|3:53535|2:12548|1:4163|total:461553,461553,63229,4.34,2025,popular fiction,835926,
211,Janet Evanovich,Dirty Thirty (Stephanie Plum #30),9781668003121,,5:24189|4:21184|3:9375|2:1320|1:345|total:56413,56413,4201,4.2,2023,popular fiction,32714,
212,John Sandford,Righteous Prey,9780593422489,,5:16025|4:10122|3:2810|2:389|1:154|total:29500,29500,1680,4.41,2022,popular fiction,8714,
213,Sarah J. Maas,"House of Flame and Shadow (Crescent City, #3)",9781635574104,,5:343697|4:244804|3:108891|2:22280|1:5365|total:725037,725037,73262,4.24,2024,popular fiction,707110,
214,James Patterson and Maxine Paetro,21st Birthday (Women's Murder Club #21),9780759555693,,5:18425|4:15382|3:7021|2:1331|1:393|total:42552,42552,2167,4.18,2021,popular fiction,24877,
215,Kaylie Smith,"Enchantra (Wicked Games, #2)",9781538770801,,5:63910|4:57927|3:16190|2:2090|1:412|total:140529,140529,18402,4.3,2025,popular fiction,223833,
216,Abby Jimenez,Say You'll Remember Me (Say You'll Remember Me #1),9781538759196,,5:190748|4:228495|3:119356|2:26163|1:4873|total:569635,569635,72131,4.01,2025,popular fiction,522484,
217,Nora Roberts,"The Mirror (The Lost Bride Trilogy, #2)",9781250288783,,5:21952|4:15895|3:8011|2:2006|1:559|total:48423,48423,4142,4.17,2024,popular fiction,56084,
218,James Patterson and Brendan DuBois,"Cross Down (Alex Cross, #31)",9780316404693,,5:14262|4:8129|3:2650|2:453|1:197|total:25691,25691,1286,4.39,2023,popular fiction,20321,
219,Quentin Tarantino,Once Upon a Time in Hollywood,9780063112520,,5:6164|4:10149|3:5351|2:1427|1:381|total:23472,23472,3127,3.86,2021,popular fiction,28318,
220,Daniel Silva,The Order,9780062834904,,5:14564|4:11284|3:4858|2:1196|1:557|total:32459,32459,2688,4.17,2020,popular fiction,21481,
221,Catherine Coulter,"Deadlock (FBI Thriller, #24)",9781501193729,,5:4342|4:3155|3:1267|2:212|1:76|total:9052,9052,551,4.27,2020,popular fiction,11757,
223,David Baldacci,"A Gambling Man (Archer, #2)",9781538719664,,5:18774|4:17901|3:7360|2:1418|1:523|total:45976,45976,2342,4.15,2021,popular fiction,23169,
224,Karin Slaughter,"We Are All Guilty Here (North Falls, #1)",9780063336803,,5:59220|4:64491|3:20503|2:3463|1:905|total:148582,148582,14515,4.2,2025,popular fiction,272971,
225,Michael Connelly,"Nightshade (Catalina, #1)",9780316588492,,5:20964|4:25507|3:12334|2:1780|1:471|total:61056,61056,3996,4.06,2025,popular fiction,41114,
226,David Baldacci,Mercy,9781538719695,,5:26039|4:17274|3:5581|2:905|1:347|total:50146,50146,2661,4.35,2021,popular fiction,16005,
228,Janet Evanovich,"Fortune and Glory: Tantalizing Twenty-Seven (Stephanie Plum, #27)",9781982154868,,5:17582|4:20097|3:10927|2:1431|1:306|total:50343,50343,3895,4.06,2020,popular fiction,29260,
229,Lee Child and Andrew Child,The Secret (Jack Reacher #28),9781984818591,,5:23207|4:23202|3:11838|2:2344|1:678|total:61269,61269,3083,4.08,2023,popular fiction,46480,
230,Stacey Abrams,"While Justice Sleeps (Avery Keene, #1)",9780385546577,,5:14107|4:18766|3:10291|2:2127|1:594|total:45885,45885,5308,3.95,2021,popular fiction,59183,
231,Jack Carr,Red Sky Mourning (Terminal List #7),9781668047071,,5:12746|4:6059|3:1661|2:322|1:112|total:20900,20900,1036,4.48,2024,popular fiction,11922,
234,C.J. Box,"Battle Mountain (Joe Pickett, #25)",9780593851067,,5:12312|4:7200|3:2100|2:332|1:85|total:22029,22029,1403,4.42,2025,popular fiction,6401,
236,Louise Penny,The Black Wolf (Chief Inspector Armand Gamache #20),9781250328182,,5:16204|4:13014|3:6312|2:1386|1:466|total:37382,37382,3652,4.15,2025,popular fiction,32935,
237,J.D. Robb,"Abandoned in Death (In Death, #54)",9781250278227,,5:15572|4:8318|3:2949|2:501|1:187|total:27527,27527,1918,4.4,2022,popular fiction,17716,
238,TJ Klune,"Somewhere Beyond the Sea (Cerulean Chronicles, #2)",9781250881205,,5:84347|4:79455|3:38468|2:8642|1:1907|total:212819,212819,29933,4.11,2024,popular fiction,357140,
239,Nora Roberts,Hideaway,9781250207128,,5:19783|4:19583|3:9989|2:2139|1:746|total:52240,52240,3652,4.06,2020,popular fiction,43804,
240,James Patterson and Brendan DuBois,The Summer House,9780316539562,,5:28670|4:19868|3:8611|2:1919|1:740|total:59808,59808,2683,4.23,2020,popular fiction,60827,
241,J.D. Robb,Forgotten In Death (In Death #53),9781250272829,,5:16759|4:7883|3:2297|2:451|1:216|total:27606,27606,1797,4.47,2021,popular fiction,14897,
242,Brandon Sanderson,Rhythm of War (The Stormlight Archive #4),9781429952040,,5:164916|4:67112|3:15297|2:2271|1:546|total:250142,250142,19521,4.57,2020,popular fiction,210029,
243,Daniel Silva,"The Cellist (Gabriel Allon, #21)",9780062834911,,5:14794|4:11203|3:5373|2:1913|1:1823|total:35106,35106,3080,4.0,2021,popular fiction,14585,
244,Janet Evanovich,"Game On (Stephanie Plum, #28)",9781982154905,,5:21884|4:21240|3:11365|2:1518|1:375|total:56382,56382,3833,4.11,2021,popular fiction,24926,
245,Richard Osman,"The Impossible Fortune (Thursday Murder Club, #5)",9780593653265,,5:49145|4:52378|3:13699|2:1014|1:217|total:116453,116453,11094,4.28,2025,popular fiction,143662,
246,Lee Child and Andrew Child,In Too Deep (Jack Reacher #29),9780593725818,,5:16833|4:17343|3:11017|2:2983|1:1026|total:49202,49202,2824,3.93,2024,popular fiction,49568,
247,Richard Osman,"The Last Devil to Die (Thursday Murder Club, #4)",9780593299432,,5:133713|4:88769|3:17856|2:1491|1:430|total:242259,242259,21279,4.46,2023,popular fiction,188736,
248,Louise Penny,All the Devils Are Here (Chief Inspector Armand Gamache #16),9781250145253,,5:46936|4:27771|3:7433|2:1277|1:390|total:83807,83807,8507,4.43,2020,popular fiction,52969,
249,James Patterson and Maxine Paetro,"The 20th Victim (Women's Murder Club, #20)",9780316494953,,5:13801|4:14157|3:7518|2:1296|1:358|total:37130,37130,1950,4.07,2020,popular fiction,42934,
250,Ken Follett,"The Evening and the Morning (Kingsbridge, #0)",9781984882028,,5:74947|4:44913|3:13300|2:2434|1:1115|total:136709,136709,9719,4.39,2020,popular fiction,150473,
251,Harlan Coben,Win,9781538748268,,5:30025|4:31770|3:14074|2:3021|1:1125|total:80015,80015,5640,4.08,2021,popular fiction,47608,
253,J.D. Robb,"Encore in Death (In Death, #56)",9781250284310,,5:14594|4:7848|3:2940|2:445|1:141|total:25968,25968,1718,4.4,2023,popular fiction,15689,
254,J.D. Robb,"Shadows in Death (In Death, #51)",9781250207241,,5:16081|4:7719|3:2567|2:517|1:237|total:27121,27121,2067,4.43,2020,popular fiction,18410,
256,Louise Penny,"The Grey Wolf (Chief Inspector Armand Gamache, #19)",9781250328144,,5:26463|4:23742|3:12101|2:2764|1:626|total:65696,65696,6122,4.11,2024,popular fiction,52891,
257,Dahlia de la Cerda,Reservoir Bitches,218173295,Booker International,5:8567|4:8536|3:2917|2:632|1:173|total:20825,20825,4304,4.19,2019,literary fiction,47052,nominee
258,Saou Ichikawa,Hunchback,214986269,Booker International,5:1889|4:6660|3:7295|2:2521|1:656|total:19021,19021,3893,3.35,2023,literary fiction,48554,nominee
259,Vincenzo Latronico,Perfection,220075119,Booker International,5:8480|4:18999|3:13254|2:3513|1:721|total:44967,44967,7817,3.69,2022,literary fiction,79087,nominee
260,Vincent Delecroix,Small Boat,228394781,Booker International,5:4856|4:7548|3:3369|2:728|1:165|total:16666,16666,3209,3.97,2023,literary fiction,66032,nominee
261,Banu Mushtaq,Heart Lamp: Selected Stories,205544315,Booker International,5:2483|4:4268|3:3002|2:685|1:142|total:10580,10580,1971,3.78,2024,literary fiction,33368,winner
262,Solvej Balle,On the Calculation of Volume I,208511270,Booker International,5:7001|4:15265|3:10680|2:2780|1:706|total:36432,36432,5924,3.69,2020,literary fiction,75264,nominee
263,Ibtisam Azem,The Book of Disappearance,209141112,Booker International,5:1141|4:1416|3:505|2:81|1:25|total:3168,3168,629,4.13,2014,literary fiction,15853,nominee
264,Hiromi Kawakami,Under the Eye of the Big Bird,205673377,Booker International,5:1592|4:3099|3:2202|2:600|1:105|total:7598,7598,1414,3.72,2016,literary fiction,31643,nominee
265,Mircea Cărtărescu,Solenoid,27826456,Booker International,5:3938|4:1903|3:949|2:353|1:151|total:7294,7294,1572,4.25,2015,literary fiction,44873,nominee
266,Astrid H. Roemer,On a Woman's Madness,61244744,Booker International,5:95|4:220|3:305|2:169|1:27|total:816,816,211,3.23,1982,literary fiction,5339,nominee
267,Gaëlle Bélem,There's a Monster Behind the Door,218718725,Booker International,5:71|4:216|3:174|2:35|1:10|total:506,506,98,3.6,2020,literary fiction,3064,nominee
268,Christian Kracht,Eurotrash,220396538,Booker International,5:1794|4:5172|3:4747|2:1562|1:314|total:13589,13589,1713,3.48,None,literary fiction,18951,nominee
269,Selva Almada,Not a River,195790859,Booker International,5:2003|4:3706|3:2126|2:413|1:65|total:8313,8313,1206,3.86,2020,literary fiction,18002,nominee
270,Jenny Erpenbeck,Kairos,58877223,Booker International,5:3828|4:8883|3:10031|2:4341|1:1298|total:28381,28381,4691,3.34,2021,literary fiction,62883,winner
271,Ia Genberg,The Details,63313297,Booker International,5:6783|4:11842|3:6575|2:1452|1:246|total:26898,26898,3664,3.87,2022,literary fiction,48689,nominee
272,Hwang Sok-yong,Mater 2-10,61921635,Booker International,5:172|4:342|3:252|2:72|1:12|total:850,850,165,3.69,2020,literary fiction,5251,nominee
273,Urszula Honek,White Nights,203425834,Booker International,5:312|4:567|3:379|2:111|1:22|total:1391,1391,266,3.74,2022,literary fiction,6003,nominee
274,Jente Posthuma,What I'd Rather Not Think About,61921644,Booker International,5:1250|4:3076|3:2056|2:435|1:64|total:6881,6881,1035,3.73,2020,literary fiction,16288,nominee
275,Itamar Vieira Junior,Crooked Plow,120855172,Booker International,5:18762|4:9913|3:3312|2:533|1:122|total:32642,32642,3798,4.43,2019,literary fiction,37065,nominee
276,Rodrigo Blanco Calderón,Simpatía,51658555,Booker International,5:101|4:270|3:285|2:101|1:19|total:776,776,144,3.43,2020,literary fiction,2277,nominee
277,Ismail Kadare,A Dictator Calls,123033172,Booker International,5:92|4:273|3:491|2:218|1:69|total:1143,1143,215,3.09,None,literary fiction,5473,nominee
278,Andrey Kurkov,The Silver Bone (Kyiv Mysteries #1),173956327,Booker International,5:342|4:1111|3:1195|2:326|1:60|total:3034,3034,484,3.44,2018,literary fiction,11763,nominee
279,Veronica Raimo,Lost on Me,65502618,Booker International,5:3349|4:8370|3:7107|2:2130|1:400|total:21356,21356,2487,3.57,2022,literary fiction,24816,nominee
280,Domenico Starnone,The House on Via Gemito,63283383,Booker International,5:323|4:504|3:389|2:149|1:30|total:1395,1395,215,3.67,2000,literary fiction,5799,nominee
281,Gabriela Wiener,Undiscovered,70240502,Booker International,5:1549|4:2335|3:1459|2:418|1:113|total:5874,5874,940,3.82,2021,literary fiction,12859,nominee
282,Georgi Gospodinov,Time Shelter,58999261,Booker International,5:8057|4:11225|3:8270|2:2867|1:793|total:31212,31212,4733,3.73,2020,literary fiction,69997,winner
283,Eva Baltasar,Boulder,49236083,Booker International,5:4888|4:8068|3:4226|2:1010|1:231|total:18423,18423,3328,3.89,2020,literary fiction,54521,nominee
284,Myeong-kwan Cheon,Whale,29382499,Booker International,5:1581|4:1954|3:948|2:326|1:118|total:4927,4927,899,3.92,2004,literary fiction,14495,nominee
285,Maryse Condé,The Gospel According to the New World,78819544,Booker International,5:69|4:196|3:454|2:249|1:64|total:1032,1032,172,2.96,2021,literary fiction,3092,nominee
286,Gauz,Standing Heavy,61411075,Booker International,5:288|4:640|3:592|2:130|1:43|total:1693,1693,289,3.59,2014,literary fiction,4554,nominee
287,Guadalupe Nettel,Still Born,95696897,Booker International,5:10594|4:13483|3:4851|2:788|1:156|total:29872,29872,4547,4.12,2020,literary fiction,70758,nominee
288,Vigdis Hjorth,Is Mother Dead,60059857,Booker International,5:1951|4:3277|3:1879|2:422|1:106|total:7635,7635,912,3.86,2020,literary fiction,14754,nominee
289,Andrey Kurkov,Jimi Hendrix Live in Lviv,123248566,Booker International,5:110|4:328|3:289|2:69|1:16|total:812,812,135,3.55,2012,literary fiction,2340,nominee
290,Laurent Mauvignier,The Birthday Party,61154622,Booker International,5:671|4:997|3:620|2:247|1:74|total:2609,2609,446,3.75,2020,literary fiction,10046,nominee
291,Clemens Meyer,While We Were Dreaming,61798404,Booker International,5:532|4:561|3:290|2:104|1:36|total:1523,1523,186,3.95,2006,literary fiction,5381,nominee
292,Perumal Murugan,Pyre,29861389,Booker International,5:894|4:1461|3:758|2:150|1:32|total:3295,3295,611,3.92,2013,literary fiction,7188,nominee
293,Amanda Svensson,A System So Magnificent It Is Blinding,60105494,Booker International,5:433|4:1076|3:860|2:323|1:91|total:2783,2783,310,3.52,2019,literary fiction,4653,nominee
294,Zou Jingzhi,Ninth Building,60799975,Booker International,5:54|4:152|3:107|2:22|1:4|total:339,339,70,3.68,2010,literary fiction,2433,nominee
295,Geetanjali Shree,Tomb of Sand,58703758,Booker International,5:1062|4:1396|3:1018|2:422|1:199|total:4097,4097,862,3.66,2018,literary fiction,40784,winner
296,Bora Chung,Cursed Bunny,56648660,Booker International,5:9100|4:18883|3:12638|2:3074|1:699|total:44394,44394,8532,3.73,2017,literary fiction,131029,nominee
297,Mieko Kawakami,Heaven,53223710,Booker International,5:20273|4:40513|3:26348|2:5578|1:1094|total:93806,93806,15373,3.78,2009,literary fiction,158838,nominee
298,Claudia Piñeiro,Elena Knows,56802275,Booker International,5:10269|4:13465|3:5623|2:1140|1:234|total:30731,30731,5355,4.05,2007,literary fiction,85765,nominee
299,Sang Young Park,Love in the Big City,57500766,Booker International,5:3154|4:7525|3:5837|2:1348|1:203|total:18067,18067,3008,3.67,2019,literary fiction,60176,nominee
300,Jon Fosse,A New Name: Septology VI-VII,58382687,Booker International,5:1711|4:785|3:207|2:44|1:20|total:2767,2767,410,4.49,2021,literary fiction,5334,nominee
301,Olga Tokarczuk,The Books of Jacob,58276619,Booker International,5:4318|4:3837|3:1920|2:636|1:273|total:10984,10984,1840,4.03,2014,literary fiction,73054,nominee
302,Jonas Eika,After the Sun,56355657,Booker International,5:327|4:804|3:903|2:569|1:224|total:2827,2827,413,3.16,2018,literary fiction,4406,nominee
303,David Grossman,More Than I Love My Life,55894188,Booker International,5:1896|4:2164|3:1025|2:235|1:75|total:5395,5395,651,4.03,2019,literary fiction,8312,nominee
304,Violaine Huisman,The Book of Mother,56898088,Booker International,5:624|4:1119|3:713|2:164|1:42|total:2662,2662,476,3.8,2018,literary fiction,10421,nominee
305,Fernanda Melchor,Paradais,58730652,Booker International,5:3459|4:8509|3:6430|2:1727|1:524|total:20649,20649,3577,3.61,2021,literary fiction,46154,nominee
306,Norman Erikson Pasaribu,"Happy Stories, Mostly",59602522,Booker International,5:364|4:989|3:657|2:161|1:24|total:2195,2195,485,3.69,2020,literary fiction,8423,nominee
307,Paulo Scott,Phenotypes,57443695,Booker International,5:259|4:524|3:349|2:87|1:9|total:1228,1228,174,3.76,2019,literary fiction,3129,nominee
308,Adania Shibli,Minor Detail,9781913097172,Booker International,5:17816|4:20541|3:6328|2:1336|1:338|total:46359,46359,8030,4.17,2017,literary fiction,122829,nominee
309,David Diop,At Night All Blood is Black,50403480,Booker International,5:6780|4:12860|3:7620|2:1933|1:470|total:29663,29663,4269,3.79,2018,literary fiction,58447,winner
310,Mariana Enriquez,The Dangers of Smoking in Bed,53215250,Booker International,5:15065|4:29058|3:17875|2:4144|1:881|total:67023,67023,11063,3.79,2009,literary fiction,127811,nominee
311,Benjamín Labatut,When We Cease to Understand the World,62069739,Booker International,5:25722|4:26502|3:11628|2:2798|1:742|total:67392,67392,9369,4.09,2020,literary fiction,140397,nominee
312,Olga Ravn,The Employees,53780642,Booker International,5:5880|4:12468|3:9522|2:2941|1:674|total:31485,31485,5571,3.63,2018,literary fiction,73460,nominee
313,Maria Stepanova,In Memory of Memory,53492649,Booker International,5:717|4:843|3:542|2:187|1:54|total:2343,2343,431,3.85,2017,literary fiction,17032,nominee
314,Éric Vuillard,The War of the Poor,54765614,Booker International,5:466|4:990|3:1176|2:468|1:102|total:3202,3202,510,3.39,2019,literary fiction,3786,nominee
315,Can Xue,I Live in the Slums: Stories,51871688,Booker International,5:30|4:60|3:65|2:37|1:17|total:209,209,53,3.23,2020,literary fiction,1744,nominee
316,Nana Ekvtimishvili,The Pear Field,49007411,Booker International,5:434|4:891|3:738|2:144|1:26|total:2233,2233,330,3.7,2015,literary fiction,3762,nominee
317,Ngũgĩ wa Thiong'o,The Perfect Nine: The Epic of Gĩkũyũ and Mũmbi,54815570,Booker International,5:251|4:602|3:490|2:80|1:20|total:1443,1443,248,3.68,2018,literary fiction,6625,nominee
318,Jaap Robben,Summer Brother,51797918,Booker International,5:576|4:1885|3:1048|2:217|1:47|total:3773,3773,493,3.72,2018,literary fiction,6335,nominee
319,Judith Schalansky,An Inventory of Losses,52175029,Booker International,5:261|4:613|3:768|2:281|1:77|total:2000,2000,349,3.35,2018,literary fiction,8286,nominee
320,Andrzej Tichý,Wretchedness,49007455,Booker International,5:73|4:175|3:166|2:62|1:19|total:495,495,89,3.45,2016,literary fiction,1863,nominee
321,Lucas Rijneveld,The Discomfort of Evening,49374086,Booker International,5:6815|4:13317|3:11650|2:5263|1:2240|total:39285,39285,6188,3.44,2018,literary fiction,66869,winner
322,Shokoofeh Azar,The Enlightenment of the Greengage Tree,35708940,Booker International,5:1344|4:1990|3:1284|2:391|1:154|total:5163,5163,913,3.77,2017,literary fiction,17810,nominee
323,Gabriela Cabezón Cámara,The Adventures of China Iron,227945775,Booker International,5:1695|4:2526|3:1718|2:431|1:112|total:6482,6482,979,3.81,2017,literary fiction,13492,nominee
324,Daniel Kehlmann,Tyll,36130507,Booker International,5:5136|4:6420|3:3442|2:864|1:241|total:16103,16103,1772,3.95,2017,literary fiction,27058,nominee
325,Fernanda Melchor,Hurricane Season,46041168,Booker International,5:19433|4:20290|3:8765|2:2741|1:1193|total:52422,52422,10344,4.03,2017,literary fiction,121468,nominee
326,Yōko Ogawa,The Memory Police,37004370,Booker International,5:28901|4:61060|3:45107|2:11912|1:2173|total:149153,149153,23488,3.69,1994,literary fiction,332765,nominee
327,Willem Anker,Red Dog,46157305,Booker International,5:47|4:75|3:67|2:38|1:14|total:241,241,53,3.43,2014,literary fiction,1303,nominee
328,Jon Fosse,The Other Name: Septology I-II,46024004,Booker International,5:2665|4:2576|3:1131|2:377|1:157|total:6906,6906,1103,4.04,2019,literary fiction,21073,nominee
329,Nino Haratischwili,The Eighth Life,41071389,Booker International,5:22731|4:9271|3:2367|2:549|1:167|total:35085,35085,4373,4.53,2014,literary fiction,71570,nominee
330,Michel Houellebecq,Serotonin,42594530,Booker International,5:5943|4:12699|3:9754|2:3323|1:1155|total:32874,32874,3338,3.58,2019,literary fiction,30427,nominee
331,Emmanuelle Pagano,Faces on the Tip of My Tongue,41945016,Booker International,5:46|4:116|3:95|2:22|1:3|total:282,282,66,3.64,2012,literary fiction,1740,nominee
332,Samanta Schweblin,Little Eyes,48635845,Booker International,5:4229|4:9713|3:8538|2:2411|1:503|total:25394,25394,4211,3.58,2018,literary fiction,45629,nominee
333,Enrique Vila-Matas,Mac and His Problem,52411074,Booker International,5:133|4:258|3:280|2:91|1:30|total:792,792,132,3.47,2017,literary fiction,2218,nominee
334,Anne Serre,A Leopard-Skin Hat,88564033,Booker International,5:670|4:1604|3:1693|2:581|1:105|total:4653,4653,945,3.46,2008,literary fiction,21216,nominee
335,Douglas Stuart,Shuggie Bain,9780802148049,National Book Awards,5:97924|4:71986|3:22643|2:5070|1:1927|total:199550,199550,22359,4.3,2020,literary fiction,286360,nominee
336,Solvej Balle,On the Calculation of Volume (Book III),231455233,National Book Awards,5:2465|4:4239|3:1396|2:128|1:17|total:8245,8245,1109,4.09,2021,literary fiction,7196,nominee
337,Linnea Axelsson,Ædnan,9789100173647,National Book Awards,5:1205|4:1268|3:427|2:89|1:15|total:3004,3004,455,4.18,2018,literary fiction,6692,nominee
338,Jamil Jan Kochai,The Haunting of Hajji Hotak and Other Stories,9780593297193,National Book Awards,5:644|4:980|3:520|2:69|1:9|total:2222,2222,389,3.98,2021,literary fiction,8745,nominee
339,Samar Yazbek,Where the Wind Calls Home,9781642861402,National Book Awards,5:33|4:72|3:79|2:24|1:6|total:214,214,58,3.48,2022,literary fiction,1893,nominee
340,Benjamín Labatut,When We Cease to Understand the World,62069739,National Book Awards,5:25722|4:26502|3:11628|2:2798|1:742|total:67392,67392,9369,4.09,2020,literary fiction,140397,nominee
341,Miranda July,All Fours,9780593190265,National Book Awards,5:43885|4:72331|3:66943|2:35508|1:16521|total:235188,235188,34535,3.39,2024,literary fiction,326730,nominee
342,Megha Majumdar,A Guardian and a Thief,9780593804872,National Book Awards,5:7004|4:14639|3:9101|2:2177|1:518|total:33439,33439,5383,3.76,2025,literary fiction,114871,nominee
343,Laird Hunt,Zorrie,9781635575361,National Book Awards,5:2435|4:3792|3:2496|2:584|1:97|total:9404,9404,1499,3.84,2021,literary fiction,19482,nominee
344,Rabih Alameddine,The True True Story of Raja the Gullible (and His Mother),9780802166470,National Book Awards,5:4122|4:4896|3:2173|2:461|1:164|total:11816,11816,1689,4.05,2025,literary fiction,36991,winner
345,Paul Harding,This Other Eden,61118954,National Book Awards,5:5180|4:8598|3:6191|2:1587|1:385|total:21941,21941,3033,3.76,2023,literary fiction,47191,nominee
346,Ge Fei,Peach Blossom Paradise,9781681374703,National Book Awards,5:191|4:250|3:127|2:17|1:5|total:590,590,117,4.03,2004,literary fiction,3754,nominee
347,Gayl Jones,The Birdcatcher,9780807029947,National Book Awards,5:127|4:416|3:716|2:356|1:130|total:1745,1745,260,3.03,2022,literary fiction,7202,nominee
348,Nona Fernández,The Twilight Zone,9781644450475,National Book Awards,5:2201|4:2042|3:802|2:167|1:43|total:5255,5255,909,4.18,2016,literary fiction,12966,nominee
349,Scholastique Mukasonga,Kibogo,9798212025683,National Book Awards,5:171|4:527|3:305|2:38|1:8|total:1049,1049,195,3.78,2020,literary fiction,3137,nominee
350,Sarah Thankam Mathews,All This Could Be Different,9780593489123,National Book Awards,5:5345|4:8617|3:5761|2:1371|1:319|total:21413,21413,3089,3.81,2022,literary fiction,73252,nominee
351,Kaveh Akbar,Martyr!,9780593537619,National Book Awards,5:81259|4:76181|3:32946|2:7410|1:1780|total:199576,199576,36610,4.14,2024,literary fiction,481335,nominee
352,Yáng Shuāng-zǐ,Taiwan Travelogue,9781644453155,National Book Awards,5:2784|4:3416|3:1712|2:382|1:99|total:8393,8393,1901,4.0,2020,literary fiction,53323,winner
353,Rumaan Alam,Leave the World Behind,9780062667632,National Book Awards,5:19593|4:46557|3:58466|2:32750|1:14740|total:172106,172106,24916,3.14,2020,literary fiction,189398,nominee
354,Bothayna Al-Essa,The Book Censor’s Library,9781632063342,National Book Awards,5:3516|4:4436|3:2919|2:771|1:286|total:11928,11928,2554,3.85,2019,literary fiction,26469,nominee
355,"Robert Jones, Jr.",The Prophets,52576333,National Book Awards,5:7391|4:7963|3:4777|2:1528|1:527|total:22186,22186,3813,3.91,2021,literary fiction,102288,nominee
356,Lauren Groff,Matrix,9781594634499,National Book Awards,5:15695|4:25524|3:19531|2:6627|1:1827|total:69204,69204,9411,3.67,2021,literary fiction,116780,nominee
357,David Diop,Beyond the Door of No Return,9780374606787,National Book Awards,5:347|4:840|3:761|2:164|1:28|total:2140,2140,323,3.61,2021,literary fiction,6099,nominee
358,Bora Chung,Cursed Bunny,56648660,National Book Awards,5:9100|4:18883|3:12638|2:3074|1:699|total:44394,44394,8532,3.73,2017,literary fiction,131029,nominee
359,Aaliyah Bilal,Temple Folk,9781982191818,National Book Awards,5:312|4:708|3:531|2:108|1:17|total:1676,1676,319,3.71,2023,literary fiction,18226,nominee
360,Karen Russell,The Antidote,9780593802250,National Book Awards,5:5255|4:6943|3:4228|2:1174|1:327|total:17927,17927,3118,3.87,2025,literary fiction,98919,nominee
361,Stênio Gardel,The Words That Remain,9781954404137,National Book Awards,5:2629|4:2768|3:1348|2:339|1:67|total:7151,7151,1222,4.06,2021,literary fiction,11047,winner
362,Samanta Schweblin,Seven Empty Houses,9780525541394,National Book Awards,5:2893|4:6419|3:4872|2:1205|1:237|total:15626,15626,2448,3.67,2015,literary fiction,30074,winner
363,Charles Yu,Interior Chinatown,44436221,National Book Awards,5:20508|4:33699|3:16720|2:3438|1:762|total:75127,75127,11033,3.93,2020,literary fiction,118406,winner
364,Yoko Tawada,Scattered All Over the Earth,9780811229289,National Book Awards,5:770|4:2162|3:2886|2:1220|1:329|total:7367,7367,1216,3.25,2018,literary fiction,24482,nominee
365,Anjet Daanje,The Remembered Soldier,9781954404328,National Book Awards,5:1528|4:1394|3:634|2:185|1:46|total:3787,3787,714,4.1,2019,literary fiction,15230,nominee
366,Tess Gunty,The Rabbit Hutch,59576076,National Book Awards,5:7419|4:13100|3:12496|2:4769|1:1655|total:39439,39439,6225,3.5,2022,literary fiction,113839,winner
367,Mónica Ojeda,Jawbone,9781566896214,National Book Awards,5:3750|4:5606|3:3991|2:1605|1:588|total:15540,15540,3661,3.66,2018,literary fiction,56283,nominee
368,’Pemi Aguda,Ghostroots,9781324065852,National Book Awards,5:1025|4:1800|3:784|2:110|1:25|total:3744,3744,779,3.99,2024,literary fiction,29267,nominee
369,Hanna Pylväinen,The End of Drum-Time,9781250822901,National Book Awards,5:1458|4:2013|3:1154|2:260|1:74|total:4959,4959,760,3.91,2023,literary fiction,16816,nominee
370,Pilar Quintana,Abyss,9781642861228,National Book Awards,5:3019|4:4851|3:2713|2:464|1:74|total:11121,11121,1756,3.92,2021,literary fiction,13201,nominee
371,Samar Yazbek,Planet of Clay,9781642860979,National Book Awards,5:49|4:107|3:92|2:29|1:9|total:286,286,88,3.55,2021,literary fiction,1864,nominee
372,Deesha Philyaw,The Secret Lives of Church Ladies,9781949199734,National Book Awards,5:16054|4:19224|3:7013|2:1289|1:301|total:43881,43881,6884,4.13,2020,literary fiction,78696,nominee
373,Gabriela Cabezón Cámara,We Are Green and Trembling,9780811238618,National Book Awards,5:463|4:797|3:719|2:248|1:67|total:2294,2294,540,3.58,2023,literary fiction,12025,winner
374,Neige Sinno,Sad Tiger,9781644214688,National Book Awards,5:7394|4:6941|3:2551|2:519|1:95|total:17500,17500,2207,4.2,2023,literary fiction,29415,nominee
375,Fiston Mwanza Mujila,The Villain’s Dance,9781646051274,National Book Awards,5:17|4:53|3:82|2:15|1:8|total:175,175,41,3.32,2020,literary fiction,1118,nominee
376,Percival Everett,James,9780385550369,National Book Awards,5:312394|4:194060|3:50648|2:8721|1:2632|total:568455,568455,58854,4.42,2024,literary fiction,647477,winner
377,Ethan Rutherford,"North Sun: Or, the Voyage of the Whaleship Esther",9781646053582,National Book Awards,5:692|4:888|3:396|2:99|1:22|total:2097,2097,453,4.02,2025,literary fiction,8658,nominee
378,Hamid Ismailov,We Computers: A Ghazal Novel,9780300272741,National Book Awards,5:39|4:67|3:64|2:19|1:5|total:194,194,60,3.6,2025,literary fiction,2849,nominee
379,Jason Mott,Hell of a Book,9780593330968,National Book Awards,5:10082|4:11670|3:5442|2:1338|1:357|total:28889,28889,4240,4.03,2021,literary fiction,60097,winner
380,Lydia Millet,A Children’s Bible,9780393867381,National Book Awards,5:9210|4:16673|3:11700|2:3618|1:954|total:42155,42155,5950,3.7,2020,literary fiction,53952,nominee
381,Astrid Roemer,On a Woman’s Madness,9781949641431,National Book Awards,5:97|4:225|3:308|2:166|1:28|total:824,824,212,3.24,1982,literary fiction,5360,nominee
382,Jon Fosse,A New Name: Septology VI-VII,58382687,National Book Awards,5:1711|4:785|3:207|2:44|1:20|total:2767,2767,410,4.49,2021,literary fiction,5334,nominee
383,Anthony Doerr,Cloud Cuckoo Land,9781982168438,National Book Awards,5:137517|4:90653|3:36041|2:10226|1:4466|total:278903,278903,36852,4.24,2021,literary fiction,505215,nominee
384,Bryan Washington,Palaver,9780374609078,National Book Awards,5:934|4:2363|3:1907|2:394|1:74|total:5672,5672,1133,3.65,2025,literary fiction,29849,nominee
385,Alejandro Varela,The Town of Babylon,58802411,National Book Awards,5:1048|4:1719|3:862|2:199|1:41|total:3869,3869,662,3.91,2022,literary fiction,19066,nominee
386,Hisham Matar,My Friends,9780812994858,National Book Awards,5:7894|4:6956|3:2142|2:355|1:82|total:17429,17429,2637,4.28,2024,literary fiction,63443,nominee
387,Nana Kwame Adjei-Brenyah,Chain-Gang All-Stars,9780593317334,National Book Awards,5:40643|4:37679|3:17036|2:4465|1:1331|total:101154,101154,18258,4.11,2023,literary fiction,257324,nominee
388,Elisa Shua Dusapin,Winter in Sokcho,9781911547549,National Book Awards,5:3553|4:11738|3:10686|2:2622|1:448|total:29047,29047,4342,3.53,2016,literary fiction,55806,winner
389,Yu Miri,Tokyo Ueno Station,9781911284161,National Book Awards,5:3591|4:11257|3:13038|2:3552|1:509|total:31947,31947,4678,3.43,2014,literary fiction,64993,winner
390,Anja Kampmann,High as the Waters Rise,9781948226523,National Book Awards,5:41|4:82|3:118|2:65|1:34|total:340,340,62,3.09,2018,literary fiction,2123,nominee
391,Jonas Hassen Khemiri,The Family Clause,9780374134327,National Book Awards,5:837|4:1889|3:1031|2:191|1:38|total:3986,3986,323,3.83,2018,literary fiction,3859,nominee
392,Pilar Quintana,The Bitch,9781642860603,National Book Awards,5:3515|4:7096|3:4008|2:800|1:207|total:15626,15626,2423,3.83,2017,literary fiction,14463,nominee
393,Adania Shibli,Minor Detail,9781913097172,National Book Awards,5:17816|4:20541|3:6328|2:1336|1:338|total:46359,46359,8030,4.17,2017,literary fiction,122829,nominee
394,Justin Torres,Blackouts,65215321,National Book Awards,5:3076|4:5066|3:3700|2:1182|1:295|total:13319,13319,2413,3.71,2023,literary fiction,86079,winner
5,Dan Brown,"The Secret of Secrets (Robert Langdon, #6)",9780385546898,,5:55413|4:67015|3:41681|2:10264|1:2665|total:177038,177038,17581,3.92,2025,popular fiction,188902,
80,Lee Child and Andrew Child,"Exit Strategy (Jack Reacher, #30)",9780593725856,,5:8054|4:9234|3:8335|2:2431|1:849|total:28903,28903,1792,3.73,2025,popular fiction,33943,
82,Taylor Jenkins Reid,Daisy Jones & The Six,9781524798642,,5:825020|4:725669|3:288628|2:58311|1:15889|total:1913517,1913517,221439,4.19,2019,popular fiction,1496210,
103,Mark Greaney,One Minute Out,9780593098929,,5:10032|4:5652|3:1363|2:192|1:104|total:17343,17343,821,4.46,2020,popular fiction,8733,
104,Daniel Silva,"A Death in Cornwall (Gabriel Allon, #24)",9780063384248,,5:14834|4:10068|3:3758|2:614|1:201|total:29475,29475,1596,4.31,2024,popular fiction,16619,
181,Michael Connelly,"The Waiting (Renée Ballard, #6)",9780316563819,,5:37268|4:27484|3:7859|2:1075|1:356|total:74042,74042,4154,4.35,2024,popular fiction,27869,
0,Michael Mann and Meg Gardiner,Heat 2,9780062653314,,5:6355|4:5677|3:1818|2:349|1:110|total:14309,14309,1893,4.25,2022,popular fiction,19434,
1,Fredrik Backman,Anxious People,9781501160837,,5:367322|4:309111|3:135809|2:32278|1:9750|total:854270,854270,105519,4.16,2019,popular fiction,916238,
2,Jodi Picoult,By Any Other Name,9780593497210,,5:49872|4:53108|3:22388|2:4578|1:1545|total:131491,131491,15173,4.1,2024,popular fiction,340358,
3,V.E. Schwab,Bury Our Bones in the Midnight Soil,9781250320520,,5:56769|4:86262|3:47195|2:11172|1:2814|total:204212,204212,40077,3.9,2025,popular fiction,563275,
5,Louise Penny,"A World of Curiosities (Chief Inspector Armand Gamache, #18)",9781250145291,,5:47022|4:25938|3:7273|2:1249|1:435|total:81917,81917,7485,4.44,2022,popular fiction,49955,
6,David Baldacci,"To Die For (The 6:20 Man, #3)",9781538757901,,5:25067|4:16469|3:4848|2:678|1:232|total:47294,47294,2133,4.38,None,popular fiction,35988,
7,Leigh Bardugo,"Hell Bent (Alex Stern, #2)",9781250313102,,5:66318|4:81725|3:33490|2:5542|1:850|total:187925,187925,25022,4.1,2023,popular fiction,381520,
8,Janet Evanovich,"Dirty Thirty (Stephanie Plum, #30)",9781668003091,,5:24399|4:21389|3:9456|2:1325|1:346|total:56915,56915,4220,4.2,2023,popular fiction,32744,
9,Mitch Albom,The Stranger in the Lifeboat,9780062888341,,5:50784|4:42958|3:21216|2:5049|1:2075|total:122082,122082,10557,4.11,2021,popular fiction,113364,
10,Michael Connelly,"Desert Star (Renée Ballard, #5; Harry Bosch, #24; Harry Bosch Universe, #37)",9780316485654,,5:50273|4:29471|3:6823|2:722|1:257|total:87546,87546,4606,4.47,2022,popular fiction,30779,
11,Daniel Silva,"An Inside Job (Gabriel Allon, #25)",9780063384217,,5:15161|4:8317|3:2912|2:467|1:164|total:27021,27021,1441,4.4,2025,popular fiction,14538,
13,Daniel Silva,"The Order (Gabriel Allon, #20)",9780062834843,,5:14675|4:11365|3:4898|2:1211|1:562|total:32711,32711,2696,4.17,2020,popular fiction,21504,
14,Hanya Yanagihara,To Paradise,9780385547932,,5:13836|4:21663|3:14971|2:4906|1:1517|total:56893,56893,8425,3.73,2022,popular fiction,205792,
15,Lee Child and Andrew Child,"The Sentinel (Jack Reacher, #25)",9781984818461,,5:22914|4:26113|3:14780|2:3396|1:1212|total:68415,68415,4668,3.97,2020,popular fiction,45976,
16,Ashley Flowers with Alex Kiester,All Good People Here,9780593496473,,5:83128|4:147222|3:97533|2:19690|1:3409|total:350982,350982,36510,3.82,2022,popular fiction,388350,
17,Rachel Gillig,"The Knight and the Moth (The Stonewater Kingdom, #1)",9780316588447,,5:107809|4:82613|3:33238|2:8229|1:2073|total:233962,233962,48411,4.22,2025,popular fiction,547171,
18,Daniel Silva,"Portrait of an Unknown Woman (Gabriel Allon, #22)",9780062834850,,5:15785|4:12216|3:4974|2:891|1:374|total:34240,34240,2024,4.23,2022,popular fiction,19759,
19,James Patterson and James O. Born,The Russian (Michael Bennett #13),9780316420389,,5:10227|4:7452|3:2566|2:314|1:134|total:20693,20693,1098,4.32,2021,popular fiction,20042,
20,Nora Roberts,Legacy,9781250272935,,5:18268|4:14359|3:6742|2:1605|1:605|total:41579,41579,3233,4.16,2021,popular fiction,32495,
21,John Sandford,The Investigator (Lettie Davenport #1),9780593328682,,5:17061|4:11666|3:4586|2:967|1:441|total:34721,34721,2361,4.27,2022,popular fiction,15407,
22,David Baldacci,"Simply Lies (Mickey Gibson, #1)",9781538750636,,5:19191|4:23119|3:13005|2:2940|1:951|total:59206,59206,3155,3.96,2023,popular fiction,40591,
24,John Sandford,Ocean Prey (Lucas Davenport #31),9780593087022,,5:20397|4:12351|3:3727|2:698|1:305|total:37478,37478,2285,4.38,2021,popular fiction,11507,
25,Danielle Steel,For Richer For Poorer,9780593498798,,5:4789|4:2635|3:1333|2:266|1:95|total:9118,9118,337,4.29,None,popular fiction,3326,
26,James Islington,"The Strength of the Few (Hierarchy, #2)",9781982141233,,5:52033|4:39176|3:12897|2:2272|1:409|total:106787,106787,16839,4.31,2025,popular fiction,190336,
27,James Patterson and Maxine Paetro,"22 Seconds (A Women's Murder Club Thriller, 22)",9780316499378,,5:16059|4:14113|3:7649|2:1513|1:380|total:39714,39714,1890,4.11,2022,popular fiction,20542,
28,Matt Haig,"The Midnight Library (The Midnight World, #1)",9780525559474,,5:891572|4:958586|3:547053|2:146667|1:40108|total:2583986,2583986,258468,3.97,2020,popular fiction,2294010,
30,Abigail Owen,"The Games Gods Play (The Crucible, #1)",9781649376565,,5:40935|4:39174|3:16327|2:3726|1:1148|total:101310,101310,14372,4.14,2024,popular fiction,234562,
31,Brandon Sanderson,"Rhythm of War (The Stormlight Archive, #4)",9780765326386,,5:168246|4:69278|3:15830|2:2343|1:555|total:256252,256252,19998,4.57,2020,popular fiction,210436,
32,David Baldacci,A Gambling Man (Archer #2),9781538719671,,5:19068|4:18111|3:7440|2:1433|1:526|total:46578,46578,2367,4.15,2021,popular fiction,23196,
33,Freida McFadden,The Intruder,9781464260919,,5:117811|4:181376|3:118632|2:21209|1:3460|total:442488,442488,32907,3.88,2025,popular fiction,380495,
36,Harlan Coben,"Win (Windsor Horne Lockwood III, #1)",9781538748213,,5:30205|4:32042|3:14199|2:3042|1:1134|total:80622,80622,5685,4.08,2021,popular fiction,47670,
37,Janet Evanovich,"Now or Never (Stephanie Plum, #31)",9781668003138,,5:23335|4:18222|3:8042|2:1168|1:339|total:51106,51106,3877,4.23,2024,popular fiction,24056,
39,Carissa Broadbent,"The Fallen & the Kiss of Dusk (Crowns of Nyaxia, #4)",9781250367815,,5:17606|4:23392|3:14735|2:2916|1:522|total:59171,59171,6954,3.92,2025,popular fiction,161811,
40,Rebecca Yarros,"Iron Flame (Wing and Claw Collection) (The Empyrean, 2)",9781649379399,,5:1493275|4:892964|3:311687|2:64147|1:18189|total:2780262,2780262,257562,4.36,2023,popular fiction,1086175,
42,John Sandford,"Dark Angel (Letty Davenport, #2)",9780593422410,,5:11287|4:9062|3:3879|2:775|1:236|total:25239,25239,1424,4.2,2023,popular fiction,8952,
43,Danielle Steel,Invisible,9781984821584,,5:6995|4:4541|3:2449|2:610|1:228|total:14823,14823,802,4.18,2022,popular fiction,6485,
44,Bonnie Garmus,Lessons in Chemistry,9780385547345,,5:923802|4:621681|3:230669|2:57937|1:20470|total:1854559,1854559,162608,4.28,2022,popular fiction,1264093,
45,Devney Perry,"Shield of Sparrows (Shield of Sparrows, #1)",9781649378514,,5:197905|4:122840|3:36379|2:7520|1:2447|total:367091,367091,50961,4.38,2025,popular fiction,524743,
47,Nora Roberts,"The Choice (The Dragon Heart Legacy, #3)",9781250272720,,5:23515|4:13337|3:6488|2:1450|1:397|total:45187,45187,3334,4.29,2022,popular fiction,42305,
48,Janet Evanovich,Fortune and Glory,9781982154837,,5:17716|4:20228|3:10995|2:1436|1:307|total:50682,50682,3910,4.06,2020,popular fiction,29291,
49,David Baldacci,"Long Shadows (Amos Decker, #7)",9781538719824,,5:32874|4:21919|3:5832|2:719|1:214|total:61558,61558,2806,4.41,2022,popular fiction,25141,
50,Charles Soule,Light of the Jedi (Star Wars: The High Republic),9780593157718,,5:10300|4:14236|3:7804|2:1808|1:530|total:34678,34678,4105,3.92,2021,popular fiction,43950,
51,Louise Penny,"All the Devils Are Here (Chief Inspector Armand Gamache, #16)",9781250145239,,5:47371|4:28060|3:7514|2:1292|1:398|total:84635,84635,8557,4.43,2020,popular fiction,53017,
52,Michael Connelly,"The Waiting (Harry Bosch, #25; Renée Ballard, #6; Harry Bosch Universe, #39)",9780316563796,,5:37268|4:27484|3:7859|2:1075|1:356|total:74042,74042,4154,4.35,2024,popular fiction,27869,
53,Paula Hawkins,A Slow Fire Burning,9780735211230,,5:24052|4:67369|3:70592|2:17444|1:3453|total:182910,182910,14621,3.5,2021,popular fiction,178133,
54,,Not Quite Dead Yet,9780593977057,,5:68520|4:90379|3:44273|2:9992|1:2540|total:215704,215704,37663,3.98,2025,popular fiction,548112,
55,David Baldacci,"The 6:20 Man (The 6:20 Man, #1)",9781538719848,,5:40232|4:40001|3:17123|2:3669|1:1338|total:102363,102363,5325,4.11,2022,popular fiction,53017,
56,Lee Child and Andrew Child,"In Too Deep (Jack Reacher, #29)",9780593725801,,5:17268|4:17814|3:11300|2:3056|1:1041|total:50479,50479,2872,3.94,2024,popular fiction,49594,
57,Louise Penny,"The Madness of Crowds (Chief Inspector Armand Gamache, #17)",9781250145260,,5:34780|4:30705|3:12984|2:2402|1:762|total:81633,81633,7294,4.18,2021,popular fiction,45336,
58,C.J. Box,Storm Watch (Joe Pickett #23),9780593331309,,5:12516|4:10369|3:4416|2:814|1:279|total:28394,28394,1605,4.2,2023,popular fiction,10223,
59,James Patterson and James O. Born,"Blindside (Michael Bennett, #12)",9780316420334,,5:8155|4:8120|3:3536|2:542|1:161|total:20514,20514,1038,4.15,2020,popular fiction,32147,
60,Sally Rooney,"Beautiful World, Where Are You",9780374602604,,5:93815|4:173900|3:164253|2:60566|1:17194|total:509728,509728,62733,3.52,2021,popular fiction,747462,
61,Elin Hilderbrand,Golden Girl,9780316420082,,5:66947|4:83243|3:28449|2:3464|1:925|total:183028,183028,12228,4.16,2021,popular fiction,161365,
62,R.F. Kuang,Babel,9780063021426,,5:224754|4:175543|3:83428|2:25726|1:7379|total:516830,516830,97335,4.13,2022,popular fiction,1266770,
63,Danielle L. Jensen,"A Curse Carved in Bone (Saga of the Unfated, #2)",9780593599860,,5:18884|4:32685|3:17948|2:3244|1:543|total:73304,73304,9444,3.9,2025,popular fiction,147443,
65,Stephen King,If It Bleeds,9781982137977,,5:36531|4:61628|3:28858|2:4431|1:991|total:132439,132439,13570,3.97,2020,popular fiction,221326,
66,John Grisham,The Boys from Biloxi,9780385548922,,5:36442|4:35483|3:19055|2:4287|1:1475|total:96742,96742,6619,4.05,2022,popular fiction,72151,
67,Nicholas Sparks with M. Night Shyamalan,Remain,9798217154043,,5:14486|4:25217|3:17869|2:3885|1:880|total:62337,62337,7558,3.78,None,popular fiction,149159,
68,Nita Prose,"The Maid (Molly the Maid, #1)",9780593356159,,5:160092|4:300109|3:203905|2:52716|1:12439|total:729261,729261,69044,3.74,2022,popular fiction,981286,
